,esg1,sandp,sustain,iss,msci
E,1,0,0.25,0.33,0.625
S,1,1,0.625,0.8250000000000001,0.45
G,0.7425,0.66,0,0.41250000000000003,0
